x1,x2,x3,time,status,alpha,beta
0.2276684,-1.0762191,-0.5219805,118.291885,1.0,16.482607,5.194792
-0.0144608235,-0.66843355,-1.462843,13.994566,1.0,17.206005,5.126293
0.5025994,1.0894564,-0.8107309,26.02595,0.0,41.53856,3.7309458
