x1,x2,x3,time,status,alpha,beta
0.2276684034019574,-1.0762191350023047,-0.5219805316672325,118.29188183086849,1.0,0.0012082012892723902,1.034824202806335
-0.014460823952934862,-0.6684335448200784,-1.4628429039916464,13.99456561590547,1.0,-0.00019805278044141396,1.0336575933051966
0.5025994103929564,1.089456456391052,-0.810730862639473,26.025949157991786,0.0,0.003114502732474486,1.0347417471638967
