small_synthetic_weibull,metabric,support,rr_nl_nhp,model
0.5898865389639182,0.6499341343658935,0.0,0.7780928649081895,regression_weibull
0.5055326980373379,0.6236876771386372,0.5705720599499341,0.6760296229264116,deep_hit
0.5469482668068659,0.5862440621132889,0.5617239567895619,0.6571651304483229,deep_hit_zero
0.490138314042303,0.6427487924633747,0.46450047101842695,0.8109925315840214,deep_weibull
