small_synthetic_weibull,metabric,support,rr_nl_nhp,model
0.006097099996573922,0.16618067479640225,0.25405624075467376,,regression_weibull
0.013860200847277692,0.19052456965025463,0.22678707601480708,0.10501621454506775,deep_hit
0.009417347347661779,0.1815717127758707,0.22569025405574525,0.10582315404285167,deep_hit_zero
0.009442759779668894,0.1798147261214867,0.3562237407856322,0.11623234418866471,deep_weibull
